[{"fields": {"content_type": 1, "name": "Can add log entry", "codename": "add_logentry"}, "pk": 1, "model": "auth.permission"}, {"fields": {"content_type": 1, "name": "Can change log entry", "codename": "change_logentry"}, "pk": 2, "model": "auth.permission"}, {"fields": {"content_type": 1, "name": "Can delete log entry", "codename": "delete_logentry"}, "pk": 3, "model": "auth.permission"}, {"fields": {"content_type": 2, "name": "Can add permission", "codename": "add_permission"}, "pk": 4, "model": "auth.permission"}, {"fields": {"content_type": 2, "name": "Can change permission", "codename": "change_permission"}, "pk": 5, "model": "auth.permission"}, {"fields": {"content_type": 2, "name": "Can delete permission", "codename": "delete_permission"}, "pk": 6, "model": "auth.permission"}, {"fields": {"content_type": 3, "name": "Can add group", "codename": "add_group"}, "pk": 7, "model": "auth.permission"}, {"fields": {"content_type": 3, "name": "Can change group", "codename": "change_group"}, "pk": 8, "model": "auth.permission"}, {"fields": {"content_type": 3, "name": "Can delete group", "codename": "delete_group"}, "pk": 9, "model": "auth.permission"}, {"fields": {"content_type": 4, "name": "Can add user", "codename": "add_user"}, "pk": 10, "model": "auth.permission"}, {"fields": {"content_type": 4, "name": "Can change user", "codename": "change_user"}, "pk": 11, "model": "auth.permission"}, {"fields": {"content_type": 4, "name": "Can delete user", "codename": "delete_user"}, "pk": 12, "model": "auth.permission"}, {"fields": {"content_type": 5, "name": "Can add content type", "codename": "add_contenttype"}, "pk": 13, "model": "auth.permission"}, {"fields": {"content_type": 5, "name": "Can change content type", "codename": "change_contenttype"}, "pk": 14, "model": "auth.permission"}, {"fields": {"content_type": 5, "name": "Can delete content type", "codename": "delete_contenttype"}, "pk": 15, "model": "auth.permission"}, {"fields": {"content_type": 6, "name": "Can add session", "codename": "add_session"}, "pk": 16, "model": "auth.permission"}, {"fields": {"content_type": 6, "name": "Can change session", "codename": "change_session"}, "pk": 17, "model": "auth.permission"}, {"fields": {"content_type": 6, "name": "Can delete session", "codename": "delete_session"}, "pk": 18, "model": "auth.permission"}, {"fields": {"content_type": 7, "name": "Can add user profile", "codename": "add_userprofile"}, "pk": 19, "model": "auth.permission"}, {"fields": {"content_type": 7, "name": "Can change user profile", "codename": "change_userprofile"}, "pk": 20, "model": "auth.permission"}, {"fields": {"content_type": 7, "name": "Can delete user profile", "codename": "delete_userprofile"}, "pk": 21, "model": "auth.permission"}, {"fields": {"content_type": 8, "name": "Can add teacher", "codename": "add_teacher"}, "pk": 22, "model": "auth.permission"}, {"fields": {"content_type": 8, "name": "Can change teacher", "codename": "change_teacher"}, "pk": 23, "model": "auth.permission"}, {"fields": {"content_type": 8, "name": "Can delete teacher", "codename": "delete_teacher"}, "pk": 24, "model": "auth.permission"}, {"fields": {"content_type": 9, "name": "Can add student", "codename": "add_student"}, "pk": 25, "model": "auth.permission"}, {"fields": {"content_type": 9, "name": "Can change student", "codename": "change_student"}, "pk": 26, "model": "auth.permission"}, {"fields": {"content_type": 9, "name": "Can delete student", "codename": "delete_student"}, "pk": 27, "model": "auth.permission"}, {"fields": {"content_type": 10, "name": "Can add course", "codename": "add_course"}, "pk": 28, "model": "auth.permission"}, {"fields": {"content_type": 10, "name": "Can change course", "codename": "change_course"}, "pk": 29, "model": "auth.permission"}, {"fields": {"content_type": 10, "name": "Can delete course", "codename": "delete_course"}, "pk": 30, "model": "auth.permission"}, {"fields": {"content_type": 11, "name": "Can add teacher course", "codename": "add_teachercourse"}, "pk": 31, "model": "auth.permission"}, {"fields": {"content_type": 11, "name": "Can change teacher course", "codename": "change_teachercourse"}, "pk": 32, "model": "auth.permission"}, {"fields": {"content_type": 11, "name": "Can delete teacher course", "codename": "delete_teachercourse"}, "pk": 33, "model": "auth.permission"}, {"fields": {"content_type": 12, "name": "Can add category", "codename": "add_category"}, "pk": 34, "model": "auth.permission"}, {"fields": {"content_type": 12, "name": "Can change category", "codename": "change_category"}, "pk": 35, "model": "auth.permission"}, {"fields": {"content_type": 12, "name": "Can delete category", "codename": "delete_category"}, "pk": 36, "model": "auth.permission"}, {"fields": {"content_type": 13, "name": "Can add Blog", "codename": "add_blog"}, "pk": 37, "model": "auth.permission"}, {"fields": {"content_type": 13, "name": "Can change Blog", "codename": "change_blog"}, "pk": 38, "model": "auth.permission"}, {"fields": {"content_type": 13, "name": "Can delete Blog", "codename": "delete_blog"}, "pk": 39, "model": "auth.permission"}, {"fields": {"content_type": 14, "name": "Can add Subject", "codename": "add_subject"}, "pk": 40, "model": "auth.permission"}, {"fields": {"content_type": 14, "name": "Can change Subject", "codename": "change_subject"}, "pk": 41, "model": "auth.permission"}, {"fields": {"content_type": 14, "name": "Can delete Subject", "codename": "delete_subject"}, "pk": 42, "model": "auth.permission"}, {"fields": {"content_type": 15, "name": "Can add Session", "codename": "add_session"}, "pk": 43, "model": "auth.permission"}, {"fields": {"content_type": 15, "name": "Can change Session", "codename": "change_session"}, "pk": 44, "model": "auth.permission"}, {"fields": {"content_type": 15, "name": "Can delete Session", "codename": "delete_session"}, "pk": 45, "model": "auth.permission"}, {"fields": {"content_type": 16, "name": "Can add Task", "codename": "add_task"}, "pk": 46, "model": "auth.permission"}, {"fields": {"content_type": 16, "name": "Can change Task", "codename": "change_task"}, "pk": 47, "model": "auth.permission"}, {"fields": {"content_type": 16, "name": "Can delete Task", "codename": "delete_task"}, "pk": 48, "model": "auth.permission"}, {"fields": {"content_type": 18, "name": "Can add Review", "codename": "add_review"}, "pk": 52, "model": "auth.permission"}, {"fields": {"content_type": 18, "name": "Can change Review", "codename": "change_review"}, "pk": 53, "model": "auth.permission"}, {"fields": {"content_type": 18, "name": "Can delete Review", "codename": "delete_review"}, "pk": 54, "model": "auth.permission"}, {"fields": {"content_type": 19, "name": "Can add Enroll", "codename": "add_enroll"}, "pk": 55, "model": "auth.permission"}, {"fields": {"content_type": 19, "name": "Can change Enroll", "codename": "change_enroll"}, "pk": 56, "model": "auth.permission"}, {"fields": {"content_type": 19, "name": "Can delete Enroll", "codename": "delete_enroll"}, "pk": 57, "model": "auth.permission"}, {"fields": {"content_type": 20, "name": "Can add Comment", "codename": "add_comment"}, "pk": 58, "model": "auth.permission"}, {"fields": {"content_type": 20, "name": "Can change Comment", "codename": "change_comment"}, "pk": 59, "model": "auth.permission"}, {"fields": {"content_type": 20, "name": "Can delete Comment", "codename": "delete_comment"}, "pk": 60, "model": "auth.permission"}, {"fields": {"content_type": 21, "name": "Can add site", "codename": "add_site"}, "pk": 61, "model": "auth.permission"}, {"fields": {"content_type": 21, "name": "Can change site", "codename": "change_site"}, "pk": 62, "model": "auth.permission"}, {"fields": {"content_type": 21, "name": "Can delete site", "codename": "delete_site"}, "pk": 63, "model": "auth.permission"}, {"fields": {"content_type": 22, "name": "Can add email address", "codename": "add_emailaddress"}, "pk": 64, "model": "auth.permission"}, {"fields": {"content_type": 22, "name": "Can change email address", "codename": "change_emailaddress"}, "pk": 65, "model": "auth.permission"}, {"fields": {"content_type": 22, "name": "Can delete email address", "codename": "delete_emailaddress"}, "pk": 66, "model": "auth.permission"}, {"fields": {"content_type": 23, "name": "Can add email confirmation", "codename": "add_emailconfirmation"}, "pk": 67, "model": "auth.permission"}, {"fields": {"content_type": 23, "name": "Can change email confirmation", "codename": "change_emailconfirmation"}, "pk": 68, "model": "auth.permission"}, {"fields": {"content_type": 23, "name": "Can delete email confirmation", "codename": "delete_emailconfirmation"}, "pk": 69, "model": "auth.permission"}, {"fields": {"content_type": 24, "name": "Can add social application", "codename": "add_socialapp"}, "pk": 70, "model": "auth.permission"}, {"fields": {"content_type": 24, "name": "Can change social application", "codename": "change_socialapp"}, "pk": 71, "model": "auth.permission"}, {"fields": {"content_type": 24, "name": "Can delete social application", "codename": "delete_socialapp"}, "pk": 72, "model": "auth.permission"}, {"fields": {"content_type": 25, "name": "Can add social account", "codename": "add_socialaccount"}, "pk": 73, "model": "auth.permission"}, {"fields": {"content_type": 25, "name": "Can change social account", "codename": "change_socialaccount"}, "pk": 74, "model": "auth.permission"}, {"fields": {"content_type": 25, "name": "Can delete social account", "codename": "delete_socialaccount"}, "pk": 75, "model": "auth.permission"}, {"fields": {"content_type": 26, "name": "Can add social application token", "codename": "add_socialtoken"}, "pk": 76, "model": "auth.permission"}, {"fields": {"content_type": 26, "name": "Can change social application token", "codename": "change_socialtoken"}, "pk": 77, "model": "auth.permission"}, {"fields": {"content_type": 26, "name": "Can delete social application token", "codename": "delete_socialtoken"}, "pk": 78, "model": "auth.permission"}, {"fields": {"is_active": true, "last_login": "2015-11-18T07:24:20Z", "first_name": "", "date_joined": "2015-10-27T02:28:37Z", "groups": [], "is_staff": true, "email": "admin@admin.com", "last_name": "", "user_permissions": [], "is_superuser": true, "password": "pbkdf2_sha256$20000$54PTYXhhiGFN$YN0MF77T2UOrhX6v3GXDuTrEgwcC8xTjSYjptnHs7o4=", "username": "admin"}, "pk": 1, "model": "auth.user"}, {"fields": {"is_active": true, "last_login": "2015-11-18T01:23:24Z", "first_name": "", "date_joined": null, "groups": [], "is_staff": true, "email": "", "last_name": "", "user_permissions": [], "is_superuser": false, "password": "pbkdf2_sha256$20000$54PTYXhhiGFN$YN0MF77T2UOrhX6v3GXDuTrEgwcC8xTjSYjptnHs7o4=", "username": "teacher01"}, "pk": 2, "model": "auth.user"}, {"fields": {"is_active": true, "last_login": "2015-11-18T04:12:12Z", "first_name": "", "date_joined": "2015-10-28T09:35:35Z", "groups": [], "is_staff": false, "email": "", "last_name": "", "user_permissions": [], "is_superuser": false, "password": "pbkdf2_sha256$20000$jPHvpd8FYi1h$qfYoQmAsPqozxyiXldjfSmcM31nTJpEh0XxXaBFhol8=", "username": "student01"}, "pk": 4, "model": "auth.user"}, {"fields": {"is_active": true, "last_login": "2015-10-30T02:02:05Z", "first_name": "", "date_joined": "2015-10-30T02:01:57Z", "groups": [], "is_staff": true, "email": "", "last_name": "", "user_permissions": [], "is_superuser": false, "password": "pbkdf2_sha256$20000$JZhaiSvz0FfC$awhDv649eII8xiJFf6Zz2yrGmB1rfld7qcv9MRABN1Y=", "username": "teacher03"}, "pk": 19, "model": "auth.user"}, {"fields": {"is_active": true, "last_login": "2015-11-18T07:28:33Z", "first_name": "Quang", "date_joined": "2015-11-18T07:27:10Z", "groups": [], "is_staff": false, "email": "tuanquanghpvn@outlook.com", "last_name": "Tr\u01b0\u01a1ng Tu\u1ea5n", "user_permissions": [], "is_superuser": false, "password": "!kribdqjdx3O3BzyW987uX58yjaFUMuCbXGFrcmaU", "username": "quang"}, "pk": 22, "model": "auth.user"}, {"fields": {"expire_date": "2015-11-13T03:13:54Z", "session_data": "MjQ2MTA2ZWQwNDE4Y2U2ZmZkMGVlMTIyNGMzOTI2ODFlZTM0ZmU1Nzp7Il9hdXRoX3VzZXJfaGFzaCI6IjlmMjRjOTRiZWVlZDBkOTM2YTYyOWY2OTE1Y2QxNTY2YWJjZmE2M2YiLCJfYXV0aF91c2VyX2JhY2tlbmQiOiJkamFuZ28uY29udHJpYi5hdXRoLmJhY2tlbmRzLk1vZGVsQmFja2VuZCIsIl9hdXRoX3VzZXJfaWQiOiIyIn0="}, "pk": "0jj57kr8tuax762ldql7q2gi77pawieq", "model": "sessions.session"}, {"fields": {"expire_date": "2015-12-02T01:23:24Z", "session_data": "YzY5MTQxMGQ4NDNmMWNmODFmYjQzOTE2ZWMzZjExNzkxZjg5MjUyNTp7Il9hdXRoX3VzZXJfaGFzaCI6IjlmMjRjOTRiZWVlZDBkOTM2YTYyOWY2OTE1Y2QxNTY2YWJjZmE2M2YiLCJfYXV0aF91c2VyX2lkIjoiMiIsIl9hdXRoX3VzZXJfYmFja2VuZCI6ImRqYW5nby5jb250cmliLmF1dGguYmFja2VuZHMuTW9kZWxCYWNrZW5kIn0="}, "pk": "69nn08lhk7xxoosnjecg8dqumxv5oqwd", "model": "sessions.session"}, {"fields": {"expire_date": "2015-12-02T04:12:12Z", "session_data": "MmM3ZTAzZWM0OTdkN2Y0ODAwMWFmMGU5ZDljODkxNmYzN2FjNzEwYTp7Il9hdXRoX3VzZXJfaGFzaCI6IjU5M2EzOTBiZDU5MjRmOTNlNmFmYmM2MTUwMjNmZmI3NWMyY2RmZTYiLCJfYXV0aF91c2VyX2lkIjoiNCIsIl9hdXRoX3VzZXJfYmFja2VuZCI6ImRqYW5nby5jb250cmliLmF1dGguYmFja2VuZHMuTW9kZWxCYWNrZW5kIn0="}, "pk": "iabz5hohyjypdibgidvu89sia35sw4aq", "model": "sessions.session"}, {"fields": {"expire_date": "2015-11-12T09:48:17Z", "session_data": "NGExNWEwNWYxYjA5ODc1MDJkMWUwZWY1ZDUyNjZlMDg1MTFkNzMzZDp7Il9hdXRoX3VzZXJfaWQiOiIxIiwiX2F1dGhfdXNlcl9iYWNrZW5kIjoiZGphbmdvLmNvbnRyaWIuYXV0aC5iYWNrZW5kcy5Nb2RlbEJhY2tlbmQiLCJfYXV0aF91c2VyX2hhc2giOiI5ZjI0Yzk0YmVlZWQwZDkzNmE2MjlmNjkxNWNkMTU2NmFiY2ZhNjNmIn0="}, "pk": "nwnmdde2lgybciqq0vszyaxjpbjrbk3z", "model": "sessions.session"}, {"fields": {"expire_date": "2015-12-02T07:28:33Z", "session_data": "MGRhNGI5ZWIxOGY4NGY0YmI1OGY2OWUxNTdiMWY2YjlkNDUwMjU0ZDp7Il9hdXRoX3VzZXJfYmFja2VuZCI6ImFsbGF1dGguYWNjb3VudC5hdXRoX2JhY2tlbmRzLkF1dGhlbnRpY2F0aW9uQmFja2VuZCIsIl9hdXRoX3VzZXJfaGFzaCI6IjhkOWIyMDlhZDI5N2M1ZThlNWRjMTIzNjAwNjE4MzdlOTU0MTM4YmUiLCJfYXV0aF91c2VyX2lkIjoiMjIifQ=="}, "pk": "sglaf9q12dkdnnccpc3wyvgacxrj2rpt", "model": "sessions.session"}, {"fields": {"expire_date": "2015-11-11T09:35:42Z", "session_data": "NThlOThjNjk1NDk0MWEzZGViNTMzZjlkMTI1ODFhMWI1ZjI4ODRjZDp7Il9hdXRoX3VzZXJfaWQiOiI0IiwiX2F1dGhfdXNlcl9iYWNrZW5kIjoiZGphbmdvLmNvbnRyaWIuYXV0aC5iYWNrZW5kcy5Nb2RlbEJhY2tlbmQiLCJfYXV0aF91c2VyX2hhc2giOiI1OTNhMzkwYmQ1OTI0ZjkzZTZhZmJjNjE1MDIzZmZiNzVjMmNkZmU2In0="}, "pk": "uwyl11jwr5sjzpbtb5fbgp614w0s4uuc", "model": "sessions.session"}, {"fields": {"expire_date": "2015-11-13T02:08:24Z", "session_data": "MzI2MjRiNDU0MjllOGM1YjRiODUwODI3ZTFhZjUzZTgzNjYwMjBmOTp7Il9hdXRoX3VzZXJfYmFja2VuZCI6ImRqYW5nby5jb250cmliLmF1dGguYmFja2VuZHMuTW9kZWxCYWNrZW5kIiwiX2F1dGhfdXNlcl9oYXNoIjoiOWYyNGM5NGJlZWVkMGQ5MzZhNjI5ZjY5MTVjZDE1NjZhYmNmYTYzZiIsIl9hdXRoX3VzZXJfaWQiOiIyIn0="}, "pk": "zlmqt67j9dvwjoq1kwxyps735k1lrbzb", "model": "sessions.session"}, {"fields": {"avatar": "", "modified_date": null}, "pk": 1, "model": "core.userprofile"}, {"fields": {"avatar": "", "modified_date": null}, "pk": 2, "model": "core.userprofile"}, {"fields": {"avatar": "", "modified_date": "2015-10-28T09:35:35Z"}, "pk": 4, "model": "core.userprofile"}, {"fields": {"avatar": "", "modified_date": "2015-10-30T02:01:57Z"}, "pk": 19, "model": "core.userprofile"}, {"fields": {"avatar": "", "modified_date": "2015-11-18T07:27:10Z"}, "pk": 22, "model": "core.userprofile"}, {"fields": {"profile": 2}, "pk": 2, "model": "teachers.teacher"}, {"fields": {"profile": 19}, "pk": 12, "model": "teachers.teacher"}, {"fields": {"profile": 4}, "pk": 2, "model": "students.student"}, {"fields": {"profile": 22}, "pk": 4, "model": "students.student"}, {"fields": {"created_date": "2015-10-28T02:32:57Z", "name": "Creative Website Design and Development", "modified_date": "2015-10-28T02:32:57Z", "description": "Creative Website Design and Development"}, "pk": 3, "model": "courses.course"}, {"fields": {"is_creator": true, "teacher": 2, "course": 3}, "pk": 3, "model": "courses.teachercourse"}, {"fields": {"created_date": "2015-10-27T02:35:04Z", "name": "Software Development", "modified_date": "2015-10-27T02:35:04Z", "description": "Software Development"}, "pk": 1, "model": "categories.category"}, {"fields": {"created_date": "2015-10-28T02:08:06Z", "name": "Business", "modified_date": "2015-10-28T02:08:06Z", "description": "Business"}, "pk": 2, "model": "categories.category"}, {"fields": {"created_date": "2015-10-28T02:08:20Z", "name": "Arts and Humanities", "modified_date": "2015-10-28T02:08:20Z", "description": "Arts and Humanities"}, "pk": 3, "model": "categories.category"}, {"fields": {"created_date": "2015-10-28T02:08:35Z", "name": "Computer Science", "modified_date": "2015-10-28T02:08:35Z", "description": "Computer Science"}, "pk": 4, "model": "categories.category"}, {"fields": {"created_date": "2015-10-28T02:09:11Z", "name": "Math and Logic", "modified_date": "2015-10-28T02:09:11Z", "description": "Math and Logic"}, "pk": 5, "model": "categories.category"}, {"fields": {"created_date": "2015-10-28T02:09:28Z", "name": "Social Sciences", "modified_date": "2015-10-28T02:09:28Z", "description": "Social Sciences"}, "pk": 6, "model": "categories.category"}, {"fields": {"created_date": "2015-10-27T09:04:10Z", "title": "Morbi nec quam sed elit pharetra", "modified_date": "2015-10-27T09:04:10Z", "teacher": 2, "slug": "morbi-nec-quam-sed-elit-pharetra", "description": "Praesent dui diam, vestibulum id mi at, iaculis accumsan ligula. Vivamus erat ligula, condimentum quis congue posuere, posuere id nisi. Pellentesque tempor sit amet arcu in mattis. Nullam congue, lectus vitae ultrices interdum, augue nibh lacinia ante, et tempus arcu tellus quis ligula. Aliquam congue ex vitae turpis fermentum, ac tempor nisi commodo. Ut ante turpis, pulvinar eu arcu eu, blandit blandit sapien. Proin sagittis nibh lectus, lobortis ultrices.", "content": "<p>Praesent dui diam, vestibulum id mi at, iaculis accumsan ligula. Vivamus\r\n erat ligula, condimentum quis congue posuere, posuere id nisi. \r\nPellentesque tempor sit amet arcu in mattis. Nullam congue, lectus vitae\r\n ultrices interdum, augue nibh lacinia ante, et tempus arcu tellus quis \r\nligula. Aliquam congue ex vitae turpis fermentum, ac tempor nisi \r\ncommodo. Ut ante turpis, pulvinar eu arcu eu, blandit blandit sapien. \r\nProin sagittis nibh lectus, lobortis ultrices.</p><p></p><blockquote>Etiam est sem, aliquam a congue id, porttitor et massa. Sed velit \r\nmauris, viverra non mi sit amet, tempor semper turpis. Etiam tempus \r\nporttitor pharetra. Mauris a aliquam nisl. Duis dignissim velit purus, \r\nquis rhoncus nisl fringilla id. Phasellus consectetur facilisis ex, ac \r\ninterdum ipsum consequat in. Vestibulum ante ipsum primis in faucibus \r\norci luctus et ultrices posuere cubilia Curae. Vestibulum ante ipsum \r\nprimis in faucibus orci luctus et ultrices posuere cubilia Curae. Donec \r\ntincidunt in ipsum ut molestie.</blockquote><p></p><p>Interdum et malesuada fames ac ante ipsum primis in faucibus. Curabitur \r\neu leo elit. Aliquam dapibus porta tellus, dictum sodales turpis \r\nultricies ac. Cras mattis erat sit amet porttitor vehicula. Vivamus \r\nultrices sem nulla, eget sagittis eros pulvinar at. Proin pretium \r\nconvallis magna dapibus iaculis. Nunc nisl mauris, commodo in eleifend \r\nin, commodo id mauris. Suspendisse efficitur vel odio viverra \r\nscelerisque. Praesent tempus tincidunt magna vitae volutpat. Mauris id \r\nrutrum felis. Nulla facilisi. Quisque et nunc interdum, faucibus diam \r\neget, sodales nunc. Vivamus eu velit et neque consequat congue.<br></p>", "status": 1, "image": "blog/blog-article.jpg"}, "pk": 2, "model": "blog.blog"}, {"fields": {"created_date": "2015-10-27T09:04:10Z", "title": "Morbi nec quam sed elit pharetra 2", "modified_date": "2015-10-28T01:54:53Z", "teacher": 2, "slug": "morbi-nec-quam-sed-elit-pharetra-2", "description": "Praesent dui diam, vestibulum id mi at, iaculis accumsan ligula. Vivamus erat ligula, condimentum quis congue posuere, posuere id nisi. Pellentesque tempor sit amet arcu in mattis. Nullam congue, lectus vitae ultrices interdum, augue nibh lacinia ante, et tempus arcu tellus quis ligula. Aliquam congue ex vitae turpis fermentum, ac tempor nisi commodo. Ut ante turpis, pulvinar eu arcu eu, blandit blandit sapien. Proin sagittis nibh lectus, lobortis ultrices.", "content": "<p>Praesent dui diam, vestibulum id mi at, iaculis accumsan ligula. Vivamus\r\n erat ligula, condimentum quis congue posuere, posuere id nisi. \r\nPellentesque tempor sit amet arcu in mattis. Nullam congue, lectus vitae\r\n ultrices interdum, augue nibh lacinia ante, et tempus arcu tellus quis \r\nligula. Aliquam congue ex vitae turpis fermentum, ac tempor nisi \r\ncommodo. Ut ante turpis, pulvinar eu arcu eu, blandit blandit sapien. \r\nProin sagittis nibh lectus, lobortis ultrices.</p><p></p><blockquote>Etiam est sem, aliquam a congue id, porttitor et massa. Sed velit \r\nmauris, viverra non mi sit amet, tempor semper turpis. Etiam tempus \r\nporttitor pharetra. Mauris a aliquam nisl. Duis dignissim velit purus, \r\nquis rhoncus nisl fringilla id. Phasellus consectetur facilisis ex, ac \r\ninterdum ipsum consequat in. Vestibulum ante ipsum primis in faucibus \r\norci luctus et ultrices posuere cubilia Curae. Vestibulum ante ipsum \r\nprimis in faucibus orci luctus et ultrices posuere cubilia Curae. Donec \r\ntincidunt in ipsum ut molestie.</blockquote><p></p><p>Interdum et malesuada fames ac ante ipsum primis in faucibus. Curabitur \r\neu leo elit. Aliquam dapibus porta tellus, dictum sodales turpis \r\nultricies ac. Cras mattis erat sit amet porttitor vehicula. Vivamus \r\nultrices sem nulla, eget sagittis eros pulvinar at. Proin pretium \r\nconvallis magna dapibus iaculis. Nunc nisl mauris, commodo in eleifend \r\nin, commodo id mauris. Suspendisse efficitur vel odio viverra \r\nscelerisque. Praesent tempus tincidunt magna vitae volutpat. Mauris id \r\nrutrum felis. Nulla facilisi. Quisque et nunc interdum, faucibus diam \r\neget, sodales nunc. Vivamus eu velit et neque consequat congue.<br></p>", "status": 1, "image": "blog/image12.jpg"}, "pk": 3, "model": "blog.blog"}, {"fields": {"created_date": "2015-10-27T09:04:10Z", "title": "Morbi nec quam sed elit pharetra 3", "modified_date": "2015-10-28T01:58:00Z", "teacher": 2, "slug": "morbi-nec-quam-sed-elit-pharetra-3", "description": "Praesent dui diam, vestibulum id mi at, iaculis accumsan ligula. Vivamus erat ligula, condimentum quis congue posuere, posuere id nisi. Pellentesque tempor sit amet arcu in mattis. Nullam congue, lectus vitae ultrices interdum, augue nibh lacinia ante, et tempus arcu tellus quis ligula. Aliquam congue ex vitae turpis fermentum, ac tempor nisi commodo. Ut ante turpis, pulvinar eu arcu eu, blandit blandit sapien. Proin sagittis nibh lectus, lobortis ultrices.", "content": "<p>Praesent dui diam, vestibulum id mi at, iaculis accumsan ligula. Vivamus\r\n erat ligula, condimentum quis congue posuere, posuere id nisi. \r\nPellentesque tempor sit amet arcu in mattis. Nullam congue, lectus vitae\r\n ultrices interdum, augue nibh lacinia ante, et tempus arcu tellus quis \r\nligula. Aliquam congue ex vitae turpis fermentum, ac tempor nisi \r\ncommodo. Ut ante turpis, pulvinar eu arcu eu, blandit blandit sapien. \r\nProin sagittis nibh lectus, lobortis ultrices.</p><p></p><blockquote>Etiam est sem, aliquam a congue id, porttitor et massa. Sed velit \r\nmauris, viverra non mi sit amet, tempor semper turpis. Etiam tempus \r\nporttitor pharetra. Mauris a aliquam nisl. Duis dignissim velit purus, \r\nquis rhoncus nisl fringilla id. Phasellus consectetur facilisis ex, ac \r\ninterdum ipsum consequat in. Vestibulum ante ipsum primis in faucibus \r\norci luctus et ultrices posuere cubilia Curae. Vestibulum ante ipsum \r\nprimis in faucibus orci luctus et ultrices posuere cubilia Curae. Donec \r\ntincidunt in ipsum ut molestie.</blockquote><p></p><p>Interdum et malesuada fames ac ante ipsum primis in faucibus. Curabitur \r\neu leo elit. Aliquam dapibus porta tellus, dictum sodales turpis \r\nultricies ac. Cras mattis erat sit amet porttitor vehicula. Vivamus \r\nultrices sem nulla, eget sagittis eros pulvinar at. Proin pretium \r\nconvallis magna dapibus iaculis. Nunc nisl mauris, commodo in eleifend \r\nin, commodo id mauris. Suspendisse efficitur vel odio viverra \r\nscelerisque. Praesent tempus tincidunt magna vitae volutpat. Mauris id \r\nrutrum felis. Nulla facilisi. Quisque et nunc interdum, faucibus diam \r\neget, sodales nunc. Vivamus eu velit et neque consequat congue.<br></p>", "status": 1, "image": "blog/1389121022775.jpg"}, "pk": 4, "model": "blog.blog"}, {"fields": {"created_date": "2015-10-27T09:04:10Z", "title": "Morbi nec quam sed elit pharetra 4", "modified_date": "2015-10-28T01:58:36Z", "teacher": 2, "slug": "morbi-nec-quam-sed-elit-pharetra-4", "description": "Praesent dui diam, vestibulum id mi at, iaculis accumsan ligula. Vivamus erat ligula, condimentum quis congue posuere, posuere id nisi. Pellentesque tempor sit amet arcu in mattis. Nullam congue, lectus vitae ultrices interdum, augue nibh lacinia ante, et tempus arcu tellus quis ligula. Aliquam congue ex vitae turpis fermentum, ac tempor nisi commodo. Ut ante turpis, pulvinar eu arcu eu, blandit blandit sapien. Proin sagittis nibh lectus, lobortis ultrices.", "content": "<p>Praesent dui diam, vestibulum id mi at, iaculis accumsan ligula. Vivamus\r\n erat ligula, condimentum quis congue posuere, posuere id nisi. \r\nPellentesque tempor sit amet arcu in mattis. Nullam congue, lectus vitae\r\n ultrices interdum, augue nibh lacinia ante, et tempus arcu tellus quis \r\nligula. Aliquam congue ex vitae turpis fermentum, ac tempor nisi \r\ncommodo. Ut ante turpis, pulvinar eu arcu eu, blandit blandit sapien. \r\nProin sagittis nibh lectus, lobortis ultrices.</p><p></p><blockquote>Etiam est sem, aliquam a congue id, porttitor et massa. Sed velit \r\nmauris, viverra non mi sit amet, tempor semper turpis. Etiam tempus \r\nporttitor pharetra. Mauris a aliquam nisl. Duis dignissim velit purus, \r\nquis rhoncus nisl fringilla id. Phasellus consectetur facilisis ex, ac \r\ninterdum ipsum consequat in. Vestibulum ante ipsum primis in faucibus \r\norci luctus et ultrices posuere cubilia Curae. Vestibulum ante ipsum \r\nprimis in faucibus orci luctus et ultrices posuere cubilia Curae. Donec \r\ntincidunt in ipsum ut molestie.</blockquote><p></p><p>Interdum et malesuada fames ac ante ipsum primis in faucibus. Curabitur \r\neu leo elit. Aliquam dapibus porta tellus, dictum sodales turpis \r\nultricies ac. Cras mattis erat sit amet porttitor vehicula. Vivamus \r\nultrices sem nulla, eget sagittis eros pulvinar at. Proin pretium \r\nconvallis magna dapibus iaculis. Nunc nisl mauris, commodo in eleifend \r\nin, commodo id mauris. Suspendisse efficitur vel odio viverra \r\nscelerisque. Praesent tempus tincidunt magna vitae volutpat. Mauris id \r\nrutrum felis. Nulla facilisi. Quisque et nunc interdum, faucibus diam \r\neget, sodales nunc. Vivamus eu velit et neque consequat congue.<br></p>", "status": 1, "image": "blog/teacher_apple120118.jpg"}, "pk": 5, "model": "blog.blog"}, {"fields": {"created_date": "2015-10-27T09:04:10Z", "title": "Morbi nec quam sed elit pharetra 5", "modified_date": "2015-10-28T01:59:27Z", "teacher": 2, "slug": "morbi-nec-quam-sed-elit-pharetra-5", "description": "Praesent dui diam, vestibulum id mi at, iaculis accumsan ligula. Vivamus erat ligula, condimentum quis congue posuere, posuere id nisi. Pellentesque tempor sit amet arcu in mattis. Nullam congue, lectus vitae ultrices interdum, augue nibh lacinia ante, et tempus arcu tellus quis ligula. Aliquam congue ex vitae turpis fermentum, ac tempor nisi commodo. Ut ante turpis, pulvinar eu arcu eu, blandit blandit sapien. Proin sagittis nibh lectus, lobortis ultrices.", "content": "<p>Praesent dui diam, vestibulum id mi at, iaculis accumsan ligula. Vivamus\r\n erat ligula, condimentum quis congue posuere, posuere id nisi. \r\nPellentesque tempor sit amet arcu in mattis. Nullam congue, lectus vitae\r\n ultrices interdum, augue nibh lacinia ante, et tempus arcu tellus quis \r\nligula. Aliquam congue ex vitae turpis fermentum, ac tempor nisi \r\ncommodo. Ut ante turpis, pulvinar eu arcu eu, blandit blandit sapien. \r\nProin sagittis nibh lectus, lobortis ultrices.</p><p></p><blockquote>Etiam est sem, aliquam a congue id, porttitor et massa. Sed velit \r\nmauris, viverra non mi sit amet, tempor semper turpis. Etiam tempus \r\nporttitor pharetra. Mauris a aliquam nisl. Duis dignissim velit purus, \r\nquis rhoncus nisl fringilla id. Phasellus consectetur facilisis ex, ac \r\ninterdum ipsum consequat in. Vestibulum ante ipsum primis in faucibus \r\norci luctus et ultrices posuere cubilia Curae. Vestibulum ante ipsum \r\nprimis in faucibus orci luctus et ultrices posuere cubilia Curae. Donec \r\ntincidunt in ipsum ut molestie.</blockquote><p></p><p>Interdum et malesuada fames ac ante ipsum primis in faucibus. Curabitur \r\neu leo elit. Aliquam dapibus porta tellus, dictum sodales turpis \r\nultricies ac. Cras mattis erat sit amet porttitor vehicula. Vivamus \r\nultrices sem nulla, eget sagittis eros pulvinar at. Proin pretium \r\nconvallis magna dapibus iaculis. Nunc nisl mauris, commodo in eleifend \r\nin, commodo id mauris. Suspendisse efficitur vel odio viverra \r\nscelerisque. Praesent tempus tincidunt magna vitae volutpat. Mauris id \r\nrutrum felis. Nulla facilisi. Quisque et nunc interdum, faucibus diam \r\neget, sodales nunc. Vivamus eu velit et neque consequat congue.<br></p>", "status": 1, "image": "blog/English-Teacher1.jpg"}, "pk": 6, "model": "blog.blog"}, {"fields": {"created_date": "2015-10-27T09:04:10Z", "title": "Morbi nec quam sed elit pharetra 6", "modified_date": "2015-10-28T02:00:02Z", "teacher": 2, "slug": "morbi-nec-quam-sed-elit-pharetra-6", "description": "Praesent dui diam, vestibulum id mi at, iaculis accumsan ligula. Vivamus erat ligula, condimentum quis congue posuere, posuere id nisi. Pellentesque tempor sit amet arcu in mattis. Nullam congue, lectus vitae ultrices interdum, augue nibh lacinia ante, et tempus arcu tellus quis ligula. Aliquam congue ex vitae turpis fermentum, ac tempor nisi commodo. Ut ante turpis, pulvinar eu arcu eu, blandit blandit sapien. Proin sagittis nibh lectus, lobortis ultrices.", "content": "<p>Praesent dui diam, vestibulum id mi at, iaculis accumsan ligula. Vivamus\r\n erat ligula, condimentum quis congue posuere, posuere id nisi. \r\nPellentesque tempor sit amet arcu in mattis. Nullam congue, lectus vitae\r\n ultrices interdum, augue nibh lacinia ante, et tempus arcu tellus quis \r\nligula. Aliquam congue ex vitae turpis fermentum, ac tempor nisi \r\ncommodo. Ut ante turpis, pulvinar eu arcu eu, blandit blandit sapien. \r\nProin sagittis nibh lectus, lobortis ultrices.</p><p></p><blockquote>Etiam est sem, aliquam a congue id, porttitor et massa. Sed velit \r\nmauris, viverra non mi sit amet, tempor semper turpis. Etiam tempus \r\nporttitor pharetra. Mauris a aliquam nisl. Duis dignissim velit purus, \r\nquis rhoncus nisl fringilla id. Phasellus consectetur facilisis ex, ac \r\ninterdum ipsum consequat in. Vestibulum ante ipsum primis in faucibus \r\norci luctus et ultrices posuere cubilia Curae. Vestibulum ante ipsum \r\nprimis in faucibus orci luctus et ultrices posuere cubilia Curae. Donec \r\ntincidunt in ipsum ut molestie.</blockquote><p></p><p>Interdum et malesuada fames ac ante ipsum primis in faucibus. Curabitur \r\neu leo elit. Aliquam dapibus porta tellus, dictum sodales turpis \r\nultricies ac. Cras mattis erat sit amet porttitor vehicula. Vivamus \r\nultrices sem nulla, eget sagittis eros pulvinar at. Proin pretium \r\nconvallis magna dapibus iaculis. Nunc nisl mauris, commodo in eleifend \r\nin, commodo id mauris. Suspendisse efficitur vel odio viverra \r\nscelerisque. Praesent tempus tincidunt magna vitae volutpat. Mauris id \r\nrutrum felis. Nulla facilisi. Quisque et nunc interdum, faucibus diam \r\neget, sodales nunc. Vivamus eu velit et neque consequat congue.<br></p>", "status": 1, "image": "blog/2014_09_26_TeacherNzltr.jpg"}, "pk": 7, "model": "blog.blog"}, {"fields": {"created_date": "2015-10-27T09:04:10Z", "title": "Morbi nec quam sed elit pharetra 7", "modified_date": "2015-10-28T02:00:44Z", "teacher": 2, "slug": "morbi-nec-quam-sed-elit-pharetra-7", "description": "Praesent dui diam, vestibulum id mi at, iaculis accumsan ligula. Vivamus erat ligula, condimentum quis congue posuere, posuere id nisi. Pellentesque tempor sit amet arcu in mattis. Nullam congue, lectus vitae ultrices interdum, augue nibh lacinia ante, et tempus arcu tellus quis ligula. Aliquam congue ex vitae turpis fermentum, ac tempor nisi commodo. Ut ante turpis, pulvinar eu arcu eu, blandit blandit sapien. Proin sagittis nibh lectus, lobortis ultrices.", "content": "<p>Praesent dui diam, vestibulum id mi at, iaculis accumsan ligula. Vivamus\r\n erat ligula, condimentum quis congue posuere, posuere id nisi. \r\nPellentesque tempor sit amet arcu in mattis. Nullam congue, lectus vitae\r\n ultrices interdum, augue nibh lacinia ante, et tempus arcu tellus quis \r\nligula. Aliquam congue ex vitae turpis fermentum, ac tempor nisi \r\ncommodo. Ut ante turpis, pulvinar eu arcu eu, blandit blandit sapien. \r\nProin sagittis nibh lectus, lobortis ultrices.</p><p></p><blockquote>Etiam est sem, aliquam a congue id, porttitor et massa. Sed velit \r\nmauris, viverra non mi sit amet, tempor semper turpis. Etiam tempus \r\nporttitor pharetra. Mauris a aliquam nisl. Duis dignissim velit purus, \r\nquis rhoncus nisl fringilla id. Phasellus consectetur facilisis ex, ac \r\ninterdum ipsum consequat in. Vestibulum ante ipsum primis in faucibus \r\norci luctus et ultrices posuere cubilia Curae. Vestibulum ante ipsum \r\nprimis in faucibus orci luctus et ultrices posuere cubilia Curae. Donec \r\ntincidunt in ipsum ut molestie.</blockquote><p></p><p>Interdum et malesuada fames ac ante ipsum primis in faucibus. Curabitur \r\neu leo elit. Aliquam dapibus porta tellus, dictum sodales turpis \r\nultricies ac. Cras mattis erat sit amet porttitor vehicula. Vivamus \r\nultrices sem nulla, eget sagittis eros pulvinar at. Proin pretium \r\nconvallis magna dapibus iaculis. Nunc nisl mauris, commodo in eleifend \r\nin, commodo id mauris. Suspendisse efficitur vel odio viverra \r\nscelerisque. Praesent tempus tincidunt magna vitae volutpat. Mauris id \r\nrutrum felis. Nulla facilisi. Quisque et nunc interdum, faucibus diam \r\neget, sodales nunc. Vivamus eu velit et neque consequat congue.<br></p>", "status": 1, "image": "blog/alternative-teaching-certification.jpg"}, "pk": 8, "model": "blog.blog"}, {"fields": {"created_date": "2015-10-27T09:04:10Z", "title": "Morbi nec quam sed elit pharetra 8", "modified_date": "2015-10-28T02:01:16Z", "teacher": 2, "slug": "morbi-nec-quam-sed-elit-pharetra-8", "description": "Praesent dui diam, vestibulum id mi at, iaculis accumsan ligula. Vivamus erat ligula, condimentum quis congue posuere, posuere id nisi. Pellentesque tempor sit amet arcu in mattis. Nullam congue, lectus vitae ultrices interdum, augue nibh lacinia ante, et tempus arcu tellus quis ligula. Aliquam congue ex vitae turpis fermentum, ac tempor nisi commodo. Ut ante turpis, pulvinar eu arcu eu, blandit blandit sapien. Proin sagittis nibh lectus, lobortis ultrices.", "content": "<p>Praesent dui diam, vestibulum id mi at, iaculis accumsan ligula. Vivamus\r\n erat ligula, condimentum quis congue posuere, posuere id nisi. \r\nPellentesque tempor sit amet arcu in mattis. Nullam congue, lectus vitae\r\n ultrices interdum, augue nibh lacinia ante, et tempus arcu tellus quis \r\nligula. Aliquam congue ex vitae turpis fermentum, ac tempor nisi \r\ncommodo. Ut ante turpis, pulvinar eu arcu eu, blandit blandit sapien. \r\nProin sagittis nibh lectus, lobortis ultrices.</p><p></p><blockquote>Etiam est sem, aliquam a congue id, porttitor et massa. Sed velit \r\nmauris, viverra non mi sit amet, tempor semper turpis. Etiam tempus \r\nporttitor pharetra. Mauris a aliquam nisl. Duis dignissim velit purus, \r\nquis rhoncus nisl fringilla id. Phasellus consectetur facilisis ex, ac \r\ninterdum ipsum consequat in. Vestibulum ante ipsum primis in faucibus \r\norci luctus et ultrices posuere cubilia Curae. Vestibulum ante ipsum \r\nprimis in faucibus orci luctus et ultrices posuere cubilia Curae. Donec \r\ntincidunt in ipsum ut molestie.</blockquote><p></p><p>Interdum et malesuada fames ac ante ipsum primis in faucibus. Curabitur \r\neu leo elit. Aliquam dapibus porta tellus, dictum sodales turpis \r\nultricies ac. Cras mattis erat sit amet porttitor vehicula. Vivamus \r\nultrices sem nulla, eget sagittis eros pulvinar at. Proin pretium \r\nconvallis magna dapibus iaculis. Nunc nisl mauris, commodo in eleifend \r\nin, commodo id mauris. Suspendisse efficitur vel odio viverra \r\nscelerisque. Praesent tempus tincidunt magna vitae volutpat. Mauris id \r\nrutrum felis. Nulla facilisi. Quisque et nunc interdum, faucibus diam \r\neget, sodales nunc. Vivamus eu velit et neque consequat congue.<br></p>", "status": 1, "image": "blog/what_to_do_when_you_or_your_child_dont_get_along_with_the_teacher.jpg"}, "pk": 9, "model": "blog.blog"}, {"fields": {"created_date": "2015-10-27T09:04:10Z", "title": "Morbi nec quam sed elit pharetra 9", "modified_date": "2015-10-28T02:03:27Z", "teacher": 2, "slug": "morbi-nec-quam-sed-elit-pharetra-9", "description": "Praesent dui diam, vestibulum id mi at, iaculis accumsan ligula. Vivamus erat ligula, condimentum quis congue posuere, posuere id nisi. Pellentesque tempor sit amet arcu in mattis. Nullam congue, lectus vitae ultrices interdum, augue nibh lacinia ante, et tempus arcu tellus quis ligula. Aliquam congue ex vitae turpis fermentum, ac tempor nisi commodo. Ut ante turpis, pulvinar eu arcu eu, blandit blandit sapien. Proin sagittis nibh lectus, lobortis ultrices.", "content": "<p>Praesent dui diam, vestibulum id mi at, iaculis accumsan ligula. Vivamus\r\n erat ligula, condimentum quis congue posuere, posuere id nisi. \r\nPellentesque tempor sit amet arcu in mattis. Nullam congue, lectus vitae\r\n ultrices interdum, augue nibh lacinia ante, et tempus arcu tellus quis \r\nligula. Aliquam congue ex vitae turpis fermentum, ac tempor nisi \r\ncommodo. Ut ante turpis, pulvinar eu arcu eu, blandit blandit sapien. \r\nProin sagittis nibh lectus, lobortis ultrices.</p><p></p><blockquote>Etiam est sem, aliquam a congue id, porttitor et massa. Sed velit \r\nmauris, viverra non mi sit amet, tempor semper turpis. Etiam tempus \r\nporttitor pharetra. Mauris a aliquam nisl. Duis dignissim velit purus, \r\nquis rhoncus nisl fringilla id. Phasellus consectetur facilisis ex, ac \r\ninterdum ipsum consequat in. Vestibulum ante ipsum primis in faucibus \r\norci luctus et ultrices posuere cubilia Curae. Vestibulum ante ipsum \r\nprimis in faucibus orci luctus et ultrices posuere cubilia Curae. Donec \r\ntincidunt in ipsum ut molestie.</blockquote><p></p><p>Interdum et malesuada fames ac ante ipsum primis in faucibus. Curabitur \r\neu leo elit. Aliquam dapibus porta tellus, dictum sodales turpis \r\nultricies ac. Cras mattis erat sit amet porttitor vehicula. Vivamus \r\nultrices sem nulla, eget sagittis eros pulvinar at. Proin pretium \r\nconvallis magna dapibus iaculis. Nunc nisl mauris, commodo in eleifend \r\nin, commodo id mauris. Suspendisse efficitur vel odio viverra \r\nscelerisque. Praesent tempus tincidunt magna vitae volutpat. Mauris id \r\nrutrum felis. Nulla facilisi. Quisque et nunc interdum, faucibus diam \r\neget, sodales nunc. Vivamus eu velit et neque consequat congue.<br></p>", "status": 1, "image": "blog/1389121022775_Yk6aFO9.jpg"}, "pk": 10, "model": "blog.blog"}, {"fields": {"created_date": "2015-10-27T09:04:10Z", "title": "Morbi nec quam sed elit pharetra 10", "modified_date": "2015-10-28T02:03:38Z", "teacher": 2, "slug": "morbi-nec-quam-sed-elit-pharetra-10", "description": "Praesent dui diam, vestibulum id mi at, iaculis accumsan ligula. Vivamus erat ligula, condimentum quis congue posuere, posuere id nisi. Pellentesque tempor sit amet arcu in mattis. Nullam congue, lectus vitae ultrices interdum, augue nibh lacinia ante, et tempus arcu tellus quis ligula. Aliquam congue ex vitae turpis fermentum, ac tempor nisi commodo. Ut ante turpis, pulvinar eu arcu eu, blandit blandit sapien. Proin sagittis nibh lectus, lobortis ultrices.", "content": "<p>Praesent dui diam, vestibulum id mi at, iaculis accumsan ligula. Vivamus\r\n erat ligula, condimentum quis congue posuere, posuere id nisi. \r\nPellentesque tempor sit amet arcu in mattis. Nullam congue, lectus vitae\r\n ultrices interdum, augue nibh lacinia ante, et tempus arcu tellus quis \r\nligula. Aliquam congue ex vitae turpis fermentum, ac tempor nisi \r\ncommodo. Ut ante turpis, pulvinar eu arcu eu, blandit blandit sapien. \r\nProin sagittis nibh lectus, lobortis ultrices.</p><p></p><blockquote>Etiam est sem, aliquam a congue id, porttitor et massa. Sed velit \r\nmauris, viverra non mi sit amet, tempor semper turpis. Etiam tempus \r\nporttitor pharetra. Mauris a aliquam nisl. Duis dignissim velit purus, \r\nquis rhoncus nisl fringilla id. Phasellus consectetur facilisis ex, ac \r\ninterdum ipsum consequat in. Vestibulum ante ipsum primis in faucibus \r\norci luctus et ultrices posuere cubilia Curae. Vestibulum ante ipsum \r\nprimis in faucibus orci luctus et ultrices posuere cubilia Curae. Donec \r\ntincidunt in ipsum ut molestie.</blockquote><p></p><p>Interdum et malesuada fames ac ante ipsum primis in faucibus. Curabitur \r\neu leo elit. Aliquam dapibus porta tellus, dictum sodales turpis \r\nultricies ac. Cras mattis erat sit amet porttitor vehicula. Vivamus \r\nultrices sem nulla, eget sagittis eros pulvinar at. Proin pretium \r\nconvallis magna dapibus iaculis. Nunc nisl mauris, commodo in eleifend \r\nin, commodo id mauris. Suspendisse efficitur vel odio viverra \r\nscelerisque. Praesent tempus tincidunt magna vitae volutpat. Mauris id \r\nrutrum felis. Nulla facilisi. Quisque et nunc interdum, faucibus diam \r\neget, sodales nunc. Vivamus eu velit et neque consequat congue.<br></p>", "status": 1, "image": "blog/blog-article.jpg"}, "pk": 11, "model": "blog.blog"}, {"fields": {"created_date": "2015-10-28T02:34:00Z", "modified_date": "2015-10-28T02:34:00Z", "categories": [1], "slug": "donec-porta-nulla-volutpat-interdum-porta", "course": 3, "description": "Lorem ipsum dolor sit amet, consectetur adipiscing elit. Praesent sit amet pharetra nunc, non scelerisque ligula. Cras vel justo nulla. Vestibulum a sollicitudin metus, faucibus fermentum leo. Nulla ut purus vel nunc ultricies dignissim at at nunc. Vivamus tempor eget lorem non commodo.", "name": "Donec porta nulla volutpat interdum porta", "image": "subjects/course01.jpg"}, "pk": 3, "model": "subjects.subject"}, {"fields": {"created_date": "2015-10-28T02:36:07Z", "modified_date": "2015-10-28T02:36:07Z", "categories": [1], "slug": "introducing-to-digital-photography", "course": 3, "description": "Lorem ipsum dolor sit amet, consectetur adipiscing elit. Praesent sit amet pharetra nunc, non scelerisque ligula. Cras vel justo nulla. Vestibulum a sollicitudin metus, faucibus fermentum leo. Nulla ut purus vel nunc ultricies dignissim at at nunc. Vivamus tempor eget lorem non commodo.", "name": " Introducing to Digital Photography", "image": "subjects/course02.jpg"}, "pk": 4, "model": "subjects.subject"}, {"fields": {"created_date": "2015-10-28T02:37:28Z", "modified_date": "2015-10-28T02:37:28Z", "categories": [2], "slug": "adobe-illustrator-and-vector-design-basics", "course": 3, "description": "Lorem ipsum dolor sit amet, consectetur adipiscing elit. Praesent sit amet pharetra nunc, non scelerisque ligula. Cras vel justo nulla. Vestibulum a sollicitudin metus, faucibus fermentum leo. Nulla ut purus vel nunc ultricies dignissim at at nunc. Vivamus tempor eget lorem non commodo.", "name": "Adobe Illustrator and Vector Design Basics", "image": "subjects/course03.jpg"}, "pk": 5, "model": "subjects.subject"}, {"fields": {"created_date": "2015-10-28T02:38:54Z", "modified_date": "2015-10-28T02:38:54Z", "categories": [3], "slug": "composition-and-lighting-advanced-course", "course": 3, "description": "Lorem ipsum dolor sit amet, consectetur adipiscing elit. Praesent sit amet pharetra nunc, non scelerisque ligula. Cras vel justo nulla. Vestibulum a sollicitudin metus, faucibus fermentum leo. Nulla ut purus vel nunc ultricies dignissim at at nunc. Vivamus tempor eget lorem non commodo.", "name": "Composition and Lighting Advanced Course", "image": "subjects/course04.jpg"}, "pk": 6, "model": "subjects.subject"}, {"fields": {"created_date": "2015-10-28T02:40:07Z", "modified_date": "2015-10-28T02:40:07Z", "categories": [5], "slug": "web-design-and-development-premium-course", "course": 3, "description": "Lorem ipsum dolor sit amet, consectetur adipiscing elit. Praesent sit amet pharetra nunc, non scelerisque ligula. Cras vel justo nulla. Vestibulum a sollicitudin metus, faucibus fermentum leo. Nulla ut purus vel nunc ultricies dignissim at at nunc. Vivamus tempor eget lorem non commodo.", "name": "Web Design and Development Premium Course", "image": "subjects/course05.jpg"}, "pk": 7, "model": "subjects.subject"}, {"fields": {"created_date": "2015-10-28T02:40:57Z", "modified_date": "2015-10-28T02:40:57Z", "categories": [6], "slug": "advanced-web-development-course", "course": 3, "description": "Lorem ipsum dolor sit amet, consectetur adipiscing elit. Praesent sit amet pharetra nunc, non scelerisque ligula. Cras vel justo nulla. Vestibulum a sollicitudin metus, faucibus fermentum leo. Nulla ut purus vel nunc ultricies dignissim at at nunc. Vivamus tempor eget lorem non commodo.", "name": "Advanced Web Development Course", "image": "subjects/course12.jpg"}, "pk": 8, "model": "subjects.subject"}, {"fields": {"subject": 3, "end_date": "2011-11-11T00:00:00Z", "start_date": "2010-10-10T00:00:00Z"}, "pk": 3, "model": "subjects.session"}, {"fields": {"subject": 4, "end_date": "2011-11-11T00:00:00Z", "start_date": "2010-10-10T00:00:00Z"}, "pk": 4, "model": "subjects.session"}, {"fields": {"subject": 5, "end_date": "2011-11-11T00:00:00Z", "start_date": "2010-10-10T00:00:00Z"}, "pk": 5, "model": "subjects.session"}, {"fields": {"subject": 6, "end_date": "2011-11-11T00:00:00Z", "start_date": "2010-10-10T00:00:00Z"}, "pk": 6, "model": "subjects.session"}, {"fields": {"subject": 7, "end_date": "2011-11-11T00:00:00Z", "start_date": "2010-10-10T00:00:00Z"}, "pk": 7, "model": "subjects.session"}, {"fields": {"subject": 8, "end_date": "2011-11-11T00:00:00Z", "start_date": "2010-10-10T00:00:00Z"}, "pk": 8, "model": "subjects.session"}, {"fields": {"subject": 8, "end_date": "2012-12-12T00:00:00Z", "start_date": "2011-11-11T00:00:00Z"}, "pk": 9, "model": "subjects.session"}, {"fields": {"slug": "task-1-python-core", "description": "", "link_youtube": "https://www.youtube.com/watch?v=D48iCw3WWpI", "start_date": "2011-11-11T00:00:00Z", "content": "Lorem Ipsum is simply dummy text of the printing and typesetting industry. Lorem Ipsum has been the industry's standard dummy text ever since the 1500s, when an unknown printer took a galley of type and scrambled it to make a type specimen book. It has survived not only five centuries, but also the leap into electronic typesetting, remaining essentially unchanged. It was popularised in the 1960s with the release of Letraset sheets containing Lorem Ipsum passages, and more recently with desktop publishing software like Aldus PageMaker including versions of Lorem Ipsum.", "end_date": "2011-12-12T00:00:00Z", "name": "Task 1 - Python Core", "session": 9}, "pk": 16, "model": "subjects.task"}, {"fields": {"created_date": "2015-10-28T09:35:49Z", "modified_date": "2015-10-28T09:35:49Z", "session": 3, "student": 2}, "pk": 1, "model": "subjects.enroll"}, {"fields": {"created_date": "2015-10-29T01:17:52Z", "modified_date": "2015-10-29T01:17:52Z", "session": 9, "student": 2}, "pk": 2, "model": "subjects.enroll"}, {"fields": {"created_date": "2015-11-18T07:28:05Z", "modified_date": "2015-11-18T07:28:05Z", "session": 9, "student": 4}, "pk": 3, "model": "subjects.enroll"}, {"fields": {"created_date": "2015-10-29T01:17:40Z", "modified_date": "2015-10-29T01:17:40Z", "rating": 4, "content": "Good", "subject": 8, "student": 2}, "pk": 1, "model": "reviews.review"}, {"fields": {"create_date": "2015-10-28T06:15:38Z", "blog": 11, "profile": 2, "content": "gfdgfdgfdgfdgfdgfdgfd"}, "pk": 1, "model": "comments.comment"}, {"fields": {"create_date": "2015-10-28T06:16:41Z", "blog": 11, "profile": 2, "content": "fdsfdsfds fds fds fds"}, "pk": 2, "model": "comments.comment"}, {"fields": {"create_date": "2015-10-28T06:17:33Z", "blog": 11, "profile": 2, "content": "fdsfdsfds fds fds fdsgfdgfd gfdg gfd"}, "pk": 3, "model": "comments.comment"}, {"fields": {"domain": "localhost", "name": "TMS"}, "pk": 1, "model": "sites.site"}, {"fields": {"primary": true, "verified": false, "email": "tuanquanghpvn@outlook.com", "user": 22}, "pk": 3, "model": "account.emailaddress"}, {"fields": {"sent": null, "created": "2015-11-18T07:27:11Z", "key": "7biwzmovzrp8revxpdwk7ozav6ll9gtqxm8kznllichp6gz2g0mxiv0waplufxsj", "email_address": 3}, "pk": 3, "model": "account.emailconfirmation"}, {"fields": {"provider": "facebook", "secret": "71d093b5018ef201dc1af95cc8e639b2", "name": "Course Bridge", "key": "", "client_id": "110970232602883", "sites": [1]}, "pk": 1, "model": "socialaccount.socialapp"}, {"fields": {"extra_data": "{\"last_name\": \"Tr\\u01b0\\u01a1ng Tu\\u1ea5n\", \"gender\": \"male\", \"email\": \"tuanquanghpvn@outlook.com\", \"verified\": true, \"name\": \"Tr\\u01b0\\u01a1ng Tu\\u1ea5n Quang\", \"first_name\": \"Quang\", \"id\": \"565588333592957\", \"link\": \"https://www.facebook.com/app_scoped_user_id/565588333592957/\", \"locale\": \"vi_VN\", \"timezone\": 7, \"updated_time\": \"2015-11-08T14:15:22+0000\"}", "provider": "facebook", "last_login": "2015-11-18T07:28:33Z", "date_joined": "2015-11-18T07:27:11Z", "uid": "565588333592957", "user": 22}, "pk": 3, "model": "socialaccount.socialaccount"}, {"fields": {"token_secret": "", "expires_at": null, "account": 3, "token": "CAABk7UVLgQMBAKqsHnD8c6xGdChpYR3WbV3ozHBUobpS6yAuZC0dqx20ZC4lszOBZCZAgv8mUVJtq0DkTNZAJx7J0B4vOErMCbXF1vGSmoVKPdShdmq2ctmX7Bj61NED1Dmcputm8zBRzTfwPBmgI85tJljHgY4jLXky6ZAm58tRzkYMSCRUDlZAuQkWfW6vV4CmDmZAxWZA5fAZDZD", "app": 1}, "pk": 3, "model": "socialaccount.socialtoken"}]